handle,school,bias_default,ic_30d,pval,n_obs,mean_signal,std_signal,long_signal_days,short_signal_days,hit_long_30d,hit_short_30d
Yodaskk,mixed,contrarian,0.1489421491984269,5.984821856647083e-06,916,0.01864212200805108,0.07948102419213937,151,108,0.543046357615894,0.4722222222222222
Tree_of_Alpha,mixed,contrarian,0.144688496400535,1.1014127560916489e-05,916,-0.01789202592214067,0.037506617916628786,0,1,,0.0
AnalysisElliott,cycle,long_tilted,0.12566130502090153,0.00013721657934290683,916,0.04062837550892287,0.084191008039356,236,0,0.5338983050847458,
KillaXBT,mixed,contrarian,0.1254349313473031,0.0001411135232337737,916,-0.006651939812668927,0.060812831097698944,12,148,0.5833333333333334,0.5202702702702703
dpuellARK,mixed,long_tilted,0.12370406827821975,0.00017453787916335643,916,0.02425950930820502,0.07563989713083316,146,1,0.3835616438356164,0.0
Jiangzhuoer2,cycle,long_tilted,0.11997727093622124,0.0002733099279143545,916,0.025913083260112713,0.1586383215108544,388,234,0.5567010309278351,0.5427350427350427
ToneVays,mixed,contrarian,0.11922153583733991,0.0002988712042117514,916,0.03083554021693196,0.12390786990703682,379,153,0.5488126649076517,0.5424836601307189
JakeGagain,content_creator,long_tilted,0.1105284485912447,0.0008054886336923423,916,0.05472490827182145,0.15115626310520236,387,253,0.5555555555555556,0.5652173913043478
VentureCoinist,mixed,long_tilted,0.10794103433329595,0.001067926791434596,916,0.03229916476173077,0.13480670968113198,370,217,0.5486486486486486,0.5529953917050692
ChartsBTC,cycle,long_tilted,0.1062036340039694,0.0012862770932514016,916,0.05257187655695907,0.12980238960642404,395,163,0.5544303797468354,0.5644171779141104
therationalroot,cycle,long_tilted,0.1055227763135745,0.0013825433058869173,916,0.04940943351079739,0.12805662672547996,368,149,0.5570652173913043,0.5436241610738255
CrashiusClay69,mixed,long_tilted,0.10508502578167878,0.0014478947089683607,916,0.045028619129572775,0.11860371507768123,373,160,0.546916890080429,0.54375
inmortalcrypto,cycle,long_tilted,0.10406686591874041,0.0016110365364513546,916,0.02595833351310188,0.08356946799864366,165,16,0.46060606060606063,0.625
MMCrypto,mixed,long_tilted,0.10380384550346179,0.0016558424259900863,916,0.03834416252783418,0.10012005333145674,344,7,0.5436046511627907,0.7142857142857143
Michael_Liu93,structural,short_tilted,0.10270364793124274,0.0018559458649210765,916,-0.010102819737311607,0.046166549335954446,1,67,1.0,0.4925373134328358
TATrader_Alan,mixed,long_tilted,0.10111488247244077,0.0021842173071054964,916,0.02371327873027953,0.0510208739568771,48,0,0.3541666666666667,
ki_young_ju,onchain,long_tilted,0.1005923168343251,0.002303292875516207,916,0.012201978585044676,0.06685424984824256,119,65,0.35294117647058826,0.49230769230769234
pierre_crypt0,pure_TA,neutral,0.10016192812386329,0.0024057902280718,916,0.002067246210018354,0.05890023745061101,21,67,0.38095238095238093,0.5074626865671642
DrProfitCrypto,mixed,contrarian,0.09917118151847197,0.0026577646189205914,916,0.010647002453244746,0.07207392025322949,153,5,0.41830065359477125,0.6
IamCryptoWolf,mixed,long_tilted,0.0964839130981516,0.003467127529586307,916,0.02782738083430014,0.07079233595180776,136,3,0.3897058823529412,1.0
ecoinometrics,mixed,long_tilted,0.09611460087595752,0.0035943662489841374,916,0.05009859494074541,0.13188652433972362,376,170,0.5638297872340425,0.4764705882352941
rektcapital,cycle,long_tilted,0.09543362175704408,0.0038401544581983106,916,0.027140504426631566,0.08373579619943657,165,29,0.41818181818181815,0.6206896551724138
EmperorBTC,mixed,long_tilted,0.09314876171009709,0.004780262977071689,916,0.01868112749003855,0.07313470527511867,137,7,0.38686131386861317,0.7142857142857143
Tradermayne,mixed,contrarian,0.09296171479330445,0.00486575245005285,916,0.018740031434853973,0.07684627720242652,156,84,0.46794871794871795,0.5119047619047619
blockchainedbb,mixed,long_tilted,0.09286169521014247,0.004912030650105597,916,0.025867903930131005,0.05671208049171834,126,0,0.3412698412698413,
CryptoMichNL,mixed,long_tilted,0.09097776737683379,0.005861270747624431,916,0.0306703040690458,0.05971184868554964,161,0,0.4161490683229814,
milesdeutscher,mixed,long_tilted,0.09075469295946262,0.005983965132853121,916,0.04490252341463752,0.09061428090926829,266,5,0.48872180451127817,0.8
BullTheoryio,mixed,contrarian,0.09028452685648912,0.006250159641483168,916,0.033632385324525046,0.13705121561037564,415,165,0.5566265060240964,0.5333333333333333
TylerSCrypto,content_creator,long_tilted,0.08957959579214948,0.0066692355513427205,916,0.0557547895715967,0.12671505773577849,384,134,0.5442708333333334,0.5447761194029851
WhalePanda,mixed,contrarian,0.08909593359999209,0.006971181699953181,916,0.029939113365555724,0.10891897275495867,250,156,0.48,0.5512820512820513
CryptoRover,content_creator,long_tilted,0.08755825631965944,0.008014249831500765,916,0.04439863531904423,0.08944044898653587,240,0,0.4666666666666667,
Deltaking888,pure_TA,short_tilted,0.0863952873314767,0.008893574121926059,916,-0.00010969822054464504,0.08751714234300614,134,172,0.3805970149253731,0.5232558139534884
intocryptoverse,cycle,contrarian,0.08464484629074882,0.010379581145206675,916,0.03358961367292786,0.11372480044898603,371,153,0.5525606469002695,0.5424836601307189
iamjosephyoung,content_creator,long_tilted,0.08406464946294523,0.010918691095202271,916,0.05270588266020351,0.0986408526658991,373,1,0.5576407506702413,0.0
algerstmehn,content_creator,long_tilted,0.08221627751130861,0.012805492122493583,916,0.05303993613296654,0.11585216303982315,429,0,0.5571095571095571,
Jackyi_ld,mixed,long_tilted,0.08036578240789445,0.014977411438406345,916,0.030396445959802385,0.08617404447784302,188,82,0.3882978723404255,0.5365853658536586
LayahHeilpern,content_creator,long_tilted,0.08022793518524017,0.015151468250593304,916,0.047157373194491106,0.12853791017180477,392,150,0.5433673469387755,0.5466666666666666
Kingpincrypto12,structural,long_tilted,0.0783532201534509,0.017701297167531417,916,0.009783375724553919,0.06014541015361534,44,25,0.36363636363636365,0.52
hyblockcapital,derivatives,contrarian,0.07534762148567212,0.022574411419181838,916,-0.013861485104966861,0.03465757321737737,9,18,0.5555555555555556,0.4444444444444444
Negentropic_,mixed,long_tilted,0.07079069009326566,0.03217115253436067,916,0.03978293628377853,0.05920341334531538,172,0,0.42441860465116277,
Jamie1Coutts,mixed,long_tilted,0.07070150346587198,0.03238938642808265,916,0.030382135768161973,0.04700670032586459,82,0,0.3048780487804878,
TraderKoz,mixed,long_tilted,0.07026651165397993,0.033472019504078784,916,0.026573593490100696,0.07061737455536038,154,3,0.37662337662337664,1.0
StackerSatoshi,mixed,long_tilted,0.06966192411192304,0.0350279797682535,916,0.027672454460077645,0.07625079346218767,178,55,0.38764044943820225,0.4909090909090909
scottmelker,mixed,long_tilted,0.0663195262264649,0.044785686890748584,916,0.04049806735630554,0.08307737221070756,162,2,0.4012345679012346,0.0
CryptoFaibik,pure_TA,long_tilted,0.0657471733438965,0.046667426462888004,916,0.012779595504275041,0.05111316452170547,114,0,0.32456140350877194,
IvanOnTech,content_creator,long_tilted,0.06487603909700584,0.04965869776042432,916,0.06282012929493853,0.10810062160410232,415,10,0.5542168674698795,0.6
LedgerStatus,mixed,long_tilted,0.0640486911620618,0.0526466396327879,916,0.02585545206453235,0.08290123737796135,195,67,0.4358974358974359,0.5074626865671642
PeterLBrandt,mixed,contrarian,0.06353999370532802,0.05455720157281101,916,0.006475052938732917,0.04675345146620011,13,3,0.3076923076923077,0.6666666666666666
CryptoTony__,mixed,long_tilted,0.04981189796190807,0.13194957955481135,916,0.025143162853327947,0.053508820245883174,127,2,0.33070866141732286,1.0
paulbarron,content_creator,long_tilted,0.04740771120821456,0.1516679946609922,916,0.03921026910283291,0.07153697479847627,220,1,0.44545454545454544,1.0
CryptoNTez,mixed,long_tilted,0.04698771351265025,0.1553315043860391,916,0.006709598933988787,0.07443019925508741,123,154,0.34959349593495936,0.5454545454545454
LookOnChain,onchain,neutral,0.04236967024359181,0.20013633784048918,916,-4.749712094374587e-05,0.011358863760128695,0,0,,
ewforecast,structural,neutral,0.028337107381785867,0.3916452945540569,916,0.025280957506456092,0.05096132368038193,81,0,0.4567901234567901,
TechDev_52,cycle,long_tilted,0.025349067024218776,0.4435111967144466,916,0.03781271801762228,0.055404396616874046,162,0,0.3888888888888889,
EmberCN,mixed,neutral,0.023615470438386084,0.4753153473626456,916,0.00023723061216237947,0.029930152520254896,0,0,,
TimmerFidelity,mixed,long_tilted,0.020485869497702182,0.53576269215899,916,0.053933480511215284,0.07732350451961606,250,3,0.424,1.0
ai_9684xtpa,onchain,neutral,0.0183793990993996,0.5785192640550466,916,0.00048638335867851604,0.013421634226666085,0,0,,
CryptoKaleo,mixed,long_tilted,0.01817070201509469,0.5828410064690331,916,0.035999417909366,0.06870870105885048,189,1,0.43915343915343913,0.0
OnchainDataNerd,onchain,neutral,0.011847569314715967,0.7202718802865413,916,0.0019192040039081983,0.038257203854942724,0,0,,
EWaveMonitor,pure_TA,neutral,0.005929073104884331,0.8577784199979881,916,0.01834720955899995,0.08124205780060206,192,5,0.4166666666666667,0.8
matthughes13,mixed,contrarian,0.0036684754913737586,0.9117138996715475,916,0.051435059189966686,0.06622522999646285,222,0,0.43243243243243246,
WillyWoo,onchain,long_tilted,0.0028333547117898343,0.9317558181928942,916,0.0456209495730537,0.061933008233628614,227,0,0.41409691629955947,
Anbessa100,mixed,long_tilted,0.001288419381523024,0.9689370965148841,916,0.008431012971368338,0.05279104707745394,32,5,0.34375,0.6
GuruMemeCoin,mixed,long_tilted,0.0007560232965929824,0.9817697838279211,916,0.012664113159385785,0.05694609565943376,20,2,0.1,0.0
Crypto_Birb,mixed,long_tilted,-0.007629802133169338,0.81761954358072,916,0.006172387177229338,0.0630821651178047,30,15,0.3333333333333333,0.4
BigCheds,pure_TA,neutral,-0.012305239705095184,0.7099452110237118,916,0.0049549948791274175,0.03384756972313846,0,0,,
devchart,mixed,contrarian,-0.012792770385071038,0.699003029263003,916,-0.006018050283783302,0.05653314123021811,2,139,1.0,0.4748201438848921
laojiucai123,mixed,short_tilted,-0.014167492950107424,0.6684894040364977,916,-0.0036779562300804174,0.06374615481671131,19,177,0.2631578947368421,0.5141242937853108
TraderMercury,pure_TA,long_tilted,-0.01737051269186223,0.5995492314930241,916,0.01809198552001082,0.06129559451810844,92,1,0.3804347826086957,0.0
AltcoinSherpa,mixed,long_tilted,-0.031110340249304716,0.3469551487605725,916,0.00037849708287637166,0.048448626146424374,16,10,0.125,0.6
52kskew,derivatives,neutral,-0.03260489161025098,0.3242716633396795,916,0.009889754088168695,0.03697710754843638,0,0,,
defi_mochi,mixed,contrarian,-0.03349402027702732,0.3112450924687625,916,0.006513589860780555,0.07229582343711033,84,157,0.40476190476190477,0.4713375796178344
gurgavin,content_creator,contrarian,-0.03583601599210131,0.2786035573502333,916,0.03288698400864234,0.0840693256404485,280,118,0.425,0.4830508474576271
krugermacro,macro,contrarian,-0.03604215878642435,0.27584610823686107,916,0.027059716994829074,0.05931471996270368,107,2,0.308411214953271,0.0
Ninjascalp,mixed,contrarian,-0.04712112570879101,0.15416059347479857,916,0.010899295924533007,0.019473160923896855,2,0,1.0,
JamieSaettele,mixed,contrarian,-0.049529282558374965,0.1341590821304778,916,0.017015117850787534,0.027396314200175905,8,0,0.125,
Pentosh1,content_creator,contrarian,-0.05170283204101441,0.1178831379782484,916,0.02664263227378897,0.04017043173580379,0,2,,0.5
GarethSoloway,mixed,contrarian,-0.05669090111842872,0.08637926987417924,916,0.013920490520872054,0.04824018726136418,23,7,0.2608695652173913,0.2857142857142857
NickTimiraos,macro,neutral,-0.08690368762283998,0.008499100898791228,916,0.04409104253054935,0.05638799659878031,143,0,0.4825174825174825,
byzgeneral,derivatives,contrarian,-0.08796334736841392,0.007726724054512626,916,0.005008786765953323,0.02357822501196657,6,3,0.5,0.6666666666666666
VetleLunde,derivatives,long_tilted,-0.09106803096795699,0.005812271147259045,916,0.017311027738483302,0.02200077243869132,0,0,,
CrypNuevo,derivatives,contrarian,-0.09590344129323072,0.0036690079416484027,916,0.014684595997125422,0.04037824321034215,42,4,0.35714285714285715,0.5
HsakaTrades,derivatives,contrarian,-0.09848549320125065,0.0028460115143385044,916,0.020707281654482098,0.04503102804026522,1,7,1.0,0.42857142857142855
IncomeSharks,mixed,long_tilted,-0.10059612970825513,0.0023024029575838827,916,0.025102925479227677,0.05120981640235581,187,10,0.40641711229946526,0.2
Steph_iscrypto,content_creator,long_tilted,-0.10239860666788143,0.0019152276736003361,916,0.030518448086063247,0.049280675013972215,89,0,0.4157303370786517,
MacroCRG,mixed,long_tilted,-0.10821423111175009,0.001036886544322045,916,0.022771123661766465,0.028452269714182868,5,0,0.4,
ColdBloodShill,mixed,long_tilted,-0.11144906417884361,0.0007275354990480952,916,0.013500990505248077,0.037715252065145435,9,5,0.6666666666666666,0.0
CastilloTrading,structural,long_tilted,-0.11405280805208842,0.000543309735527878,916,0.01818350370204479,0.04904799085535104,25,14,0.44,0.35714285714285715
qinbafrank,mixed,long_tilted,-0.11462773683262052,0.0005089694941041841,916,0.03667300610689955,0.03960232545531805,42,0,0.23809523809523808,
CoinHuSays,mixed,long_tilted,-0.11724282174952119,0.0003767785498819419,916,0.030253361715942586,0.040960131723174385,95,0,0.35789473684210527,
GugaOnChain,onchain,neutral,-0.12252493704030192,0.0002014207845161778,916,0.0032266296422177932,0.011277067851479836,0,0,,
Sheldon_Sniper,pure_TA,long_tilted,-0.1256667993259048,0.00013712326697390838,916,0.023402559155072607,0.04910365091567001,196,1,0.39285714285714285,0.0
WClementeIII,macro,long_tilted,-0.1306921797643178,7.275594734919921e-05,916,0.032596074184027476,0.040700354892182426,59,0,0.22033898305084745,
Engineercryptoo,mixed,long_tilted,-0.13367895728329815,4.937548428806215e-05,916,0.026279796740647367,0.050077528571785636,194,1,0.39690721649484534,0.0
CryptoGodJohn,mixed,long_tilted,-0.1408822931339765,1.8738932593545123e-05,916,0.017324710432403616,0.0356587679895834,10,7,0.7,0.7142857142857143
fundstrat,mixed,long_tilted,-0.15099325496723415,4.4327728953757936e-06,916,0.05245541886442012,0.0552912234476951,224,0,0.40625,
CryptoCred,mixed,neutral,-0.15226605540373211,3.672014889292086e-06,916,0.023265053745164462,0.04098460647681234,42,6,0.35714285714285715,0.3333333333333333
shufen46250836,mixed,long_tilted,-0.1662762690571375,4.1743285470955275e-07,916,0.05026197808457451,0.05216359664525285,159,0,0.3333333333333333,
christiaandefi,mixed,long_tilted,-0.1718999148231984,1.6539338253869396e-07,916,0.022833305024847546,0.03447490911700256,26,0,0.11538461538461539,
